name_en,name_bn,short_name,institution_type,division,district,upazila,address,phone,email,website,established_year,education_level,education_board
Dhaka University,ঢাকা বিশ্ববিদ্যালয়,DU,university,Dhaka,Dhaka,Dhaka,"Nilkhet Road, Dhaka 1000",+88029663641,info@du.ac.bd,https://www.du.ac.bd,1921,graduate,UGC
BUET,বুয়েট,BUET,university,Dhaka,Dhaka,Dhaka,"Pollock Bazaar, Dhaka 1000",+88029666650,info@buet.ac.bd,https://www.buet.ac.bd,1912,graduate,UGC
Dhaka College,ঢাকা কলেজ,DC,college,Dhaka,Dhaka,Dhaka,"New Market, Dhaka 1205",+88029555197,info@dhakacollege.edu.bd,https://dhakacollege.edu.bd,1841,higher_secondary,Dhaka Board
Notre Dame College,নটর ডেম কলেজ,NDC,college,Dhaka,Dhaka,Motijheel,"Arambagh, Motijheel, Dhaka",+88029550781,ndc1949@yahoo.com,https://www.notredamecollege-dhaka.com,1949,higher_secondary,Dhaka Board
Rajshahi University,রাজশাহী বিশ্ববিদ্যালয়,RU,university,Rajshahi,Rajshahi,Rajshahi,"University Road, Rajshahi 6205",+880721750041,vcoffice@ru.ac.bd,https://www.ru.ac.bd,1953,graduate,UGC
Chittagong University,চট্টগ্রাম বিশ্ববিদ্যালয়,CU,university,Chittagong,Chittagong,Hathazari,"University Campus, Hathazari",+880312260000,vc@cu.ac.bd,https://www.cu.ac.bd,1966,graduate,UGC
Jahangirnagar University,জাহাঙ্গীরনগর বিশ্ববিদ্যালয়,JU,university,Dhaka,Dhaka,Savar,"Savar, Dhaka 1342",+88027795052,registrar@juniv.edu,https://www.juniv.edu,1970,graduate,UGC
North South University,নর্থ সাউথ বিশ্ববিদ্যালয়,NSU,university,Dhaka,Dhaka,Bashundhara,"Bashundhara, Dhaka 1229",+880255668200,info@northsouth.edu,https://www.northsouth.edu,1992,graduate,UGC
BRAC University,ব্র্যাক বিশ্ববিদ্যালয়,BRACU,university,Dhaka,Dhaka,Mohakhali,"66 Mohakhali, Dhaka 1212",+88029882655,info@bracu.ac.bd,https://www.bracu.ac.bd,2001,graduate,UGC
Khulna University,খুলনা বিশ্ববিদ্যালয়,KU,university,Khulna,Khulna,Khulna,"Sher-e-Bangla Road, Khulna",+880412240000,vc@ku.ac.bd,https://www.ku.ac.bd,1991,graduate,UGC
Sylhet Agricultural University,সিলেট কৃষি বিশ্ববিদ্যালয়,SAU,university,Sylhet,Sylhet,Sylhet,"Tilagor, Sylhet 3100",+880821614163,vc@sau.ac.bd,https://www.sau.ac.bd,2006,graduate,UGC
Islamic University,ইসলামী বিশ্ববিদ্যালয়,IU,university,Khulna,Kushtia,Kushtia,"Shantidanga, Kushtia",+88071730204,vc@iu.ac.bd,https://www.iu.ac.bd,1979,graduate,UGC
Comilla University,কুমিল্লা বিশ্ববিদ্যালয়,CoU,university,Chittagong,Comilla,Comilla,"Kotbari, Comilla",+88081765870,vc@cou.ac.bd,https://www.cou.ac.bd,2006,graduate,UGC
Jagannath University,জগন্নাথ বিশ্ববিদ্যালয়,JnU,university,Dhaka,Dhaka,Sadarghat,"9-10 Chittaranjan Avenue, Dhaka",+880294711200,registrar@jnu.ac.bd,https://www.jnu.ac.bd,1858,graduate,UGC
Mawlana Bhashani Science and Technology University,মাওলানা ভাসানী বিজ্ঞান ও প্রযুক্তি বিশ্ববিদ্যালয়,MBSTU,university,Dhaka,Tangail,Santosh,"Santosh, Tangail 1902",+880922344600,vc@mbstu.ac.bd,https://www.mbstu.ac.bd,1997,graduate,UGC
Bangladesh Agricultural University,বাংলাদেশ কৃষি বিশ্ববিদ্যালয়,BAU,university,Mymensingh,Mymensingh,Mymensingh,"New Airport Road, Mymensingh 2202",+8809155400,vcoffice@bau.edu.bd,https://www.bau.edu.bd,1961,graduate,UGC
Shahjalal University of Science and Technology,শাহজালাল বিজ্ঞান ও প্রযুক্তি বিশ্ববিদ্যালয়,SUST,university,Sylhet,Sylhet,Sylhet,"Kumarpara, Sylhet",+880821713491,vc@sust.edu,https://www.sust.edu,1986,graduate,UGC
Hajee Mohammad Danesh Science and Technology University,হাজী মোহাম্মদ দানেশ বিজ্ঞান ও প্রযুক্তি বিশ্ববিদ্যালয়,HSTU,university,Rangpur,Dinajpur,Birganj,"Dinajpur 5200",+88053161618,vc@hstu.ac.bd,https://www.hstu.ac.bd,1999,graduate,UGC
Patuakhali Science and Technology University,পটুয়াখালী বিজ্ঞান ও প্রযুক্তি বিশ্ববিদ্যালয়,PSTU,university,Barisal,Patuakhali,Dumki,"Dumki, Patuakhali 8602",+880442761220,vc@pstu.ac.bd,https://www.pstu.ac.bd,2000,graduate,UGC
Sher-e-Bangla Agricultural University,শের-ই-বাংলা কৃষি বিশ্ববিদ্যালয়,SAU,university,Dhaka,Dhaka,Sher-e-Bangla Nagar,"Sher-e-Bangla Nagar, Dhaka",+88029117048,vc@sau.edu.bd,https://www.sau.edu.bd,2001,graduate,UGC
Varendra University,ভারেন্দ্র বিশ্ববিদ্যালয়,VU,university,Rajshahi,Rajshahi,Rajshahi,"Police Line Road, Rajshahi",+880721811188,info@vu.edu.bd,https://www.vu.edu.bd,2012,graduate,UGC
Premier University,প্রিমিয়ার বিশ্ববিদ্যালয়,PU,university,Chittagong,Chittagong,Agrabad,"1/A O.R. Nizam Road, Chittagong",+88031722888,info@puc.ac.bd,https://www.puc.ac.bd,2006,graduate,UGC
International Islamic University Chittagong,আন্তর্জাতিক ইসলামী বিশ্ববিদ্যালয় চট্টগ্রাম,IIUC,university,Chittagong,Chittagong,Kumira,"Kumira, Chittagong 4310",+880317400000,info@iiuc.ac.bd,https://www.iiuc.ac.bd,1995,graduate,UGC
United International University,ইউনাইটেড ইন্টারন্যাশনাল ইউনিভার্সিটি,UIU,university,Dhaka,Dhaka,Dhanmondi,"House 80, Road 8/A, Satmasjid Road, Dhanmondi, Dhaka",+88029675056,info@uiu.ac.bd,https://www.uiu.ac.bd,2003,graduate,UGC
East West University,ইস্ট ওয়েস্ট বিশ্ববিদ্যালয়,EWU,university,Dhaka,Dhaka,Dhanmondi,"A/2 Jahurul Islam Avenue, Banani, Dhaka 1213",+88029893925,info@ewubd.edu,https://www.ewubd.edu,1996,graduate,UGC
American International University-Bangladesh,আমেরিকান ইন্টারন্যাশনাল ইউনিভার্সিটি-বাংলাদেশ,AIUB,university,Dhaka,Dhaka,Kuratoli,"Kuratoli, Kuril, Dhaka 1229",+88029843788,info@aiub.edu,https://www.aiub.edu,1994,graduate,UGC
Independent University Bangladesh,ইন্ডিপেন্ডেন্ট ইউনিভার্সিটি বাংলাদেশ,IUB,university,Dhaka,Dhaka,Bashundhara,"Plot 16 Block B, Bashundhara R/A, Dhaka",+88028442042,info@iub.edu.bd,https://www.iub.edu.bd,1993,graduate,UGC
Ahsanullah University of Science and Technology,আহসানউল্লাহ বিজ্ঞান ও প্রযুক্তি বিশ্ববিদ্যালয়,AUST,university,Dhaka,Dhaka,Tejgaon,"141-142 Love Road, Tejgaon Industrial Area, Dhaka",+88029874093,info@aust.edu,https://www.aust.edu,1995,graduate,UGC
Military Institute of Science and Technology,মিলিটারি ইনস্টিটিউট অফ সায়েন্স অ্যান্ড টেকনোলজি,MIST,university,Dhaka,Dhaka,Mirpur,"Mirpur Cantonment, Dhaka 1216",+88029036351,info@mist.ac.bd,https://www.mist.ac.bd,1998,graduate,UGC
Bangladesh University of Professionals,বাংলাদেশ ইউনিভার্সিটি অফ প্রফেশনালস,BUP,university,Dhaka,Dhaka,Mirpur,"Mirpur Cantonment, Dhaka 1216",+88029032091,vc@bup.edu.bd,https://www.bup.edu.bd,2008,graduate,UGC
Rajshahi College,রাজশাহী কলেজ,Rajshahi College,college,Rajshahi,Rajshahi,Rajshahi,"Rajshahi College Road, Rajshahi",+880721772071,principal@rajshahicollege.gov.bd,https://www.rajshahicollege.gov.bd,1873,higher_secondary,Rajshahi Board
Carmichael College,কারমাইকেল কলেজ,Carmichael College,college,Rangpur,Rangpur,Rangpur,"Lalbag, Rangpur",+88052161168,principal@carmichaelcollege.gov.bd,https://www.carmichaelcollege.gov.bd,1916,higher_secondary,Dinajpur Board
Eden Mohila College,ইডেন মহিলা কলেজ,Eden College,college,Dhaka,Dhaka,Dhaka,"Azimpur, Dhaka 1205",+88029610941,principal@eden.edu.bd,https://www.edencollege.edu.bd,1873,higher_secondary,Dhaka Board
Siddheswari Girls College,সিদ্ধেশ্বরী মহিলা কলেজ,Siddheswari College,college,Dhaka,Dhaka,Dhaka,"72 New Bailey Road, Dhaka 1000",+88029335962,info@siddheswaricollege.edu.bd,https://www.siddheswaricollege.edu.bd,1956,higher_secondary,Dhaka Board
Chittagong College,চট্টগ্রাম কলেজ,Chittagong College,college,Chittagong,Chittagong,Chittagong,"College Road, Chittagong",+88031616642,principal@chittagongcollege.gov.bd,https://www.chittagongcollege.gov.bd,1869,higher_secondary,Chittagong Board
Comilla Victoria Government College,কুমিল্লা ভিক্টোরিয়া সরকারি কলেজ,Victoria College,college,Chittagong,Comilla,Comilla,"Comilla 3500",+88081768656,principal@victoriacollege.edu.bd,https://www.victoriacollege.edu.bd,1899,higher_secondary,Comilla Board
Government Saadat College,সরকারি সাদাত কলেজ,Saadat College,college,Dhaka,Tangail,Karimganj,"Karimganj, Tangail",+880922923014,principal@saadatcollege.gov.bd,https://www.saadatcollege.gov.bd,1926,higher_secondary,Dhaka Board
Sirajganj Government College,সিরাজগঞ্জ সরকারি কলেজ,Sirajganj Govt College,college,Rajshahi,Sirajganj,Sirajganj,"Sirajganj 6700",+88075164135,principal@sirajganjcollege.gov.bd,https://www.sirajganjcollege.gov.bd,1940,higher_secondary,Rajshahi Board
Ananda Mohan College,আনন্দ মোহন কলেজ,AM College,college,Sylhet,Sylhet,Mymensingh,"College Road, Mymensingh",+8809152350,principal@anandamohancollege.edu.bd,https://www.anandamohancollege.edu.bd,1908,higher_secondary,Sylhet Board
Government Azizul Haque College,সরকারি আজিজুল হক কলেজ,Azizul Haque College,college,Rajshahi,Bogra,Bogra,"Bogra 5800",+8805176845,principal@azizulhaquecollege.gov.bd,https://www.azizulhaquecollege.gov.bd,1939,higher_secondary,Rajshahi Board
Khulna Government College,খুলনা সরকারি কলেজ,Khulna College,college,Khulna,Khulna,Khulna,"Hasan Bag, Khulna",+88041273305,principal@khulnacollege.gov.bd,https://www.khulnacollege.gov.bd,1948,higher_secondary,Jessore Board
Brojomohun College,ব্রজমোহন কলেজ,BM College,college,Barisal,Barisal,Barisal,"College Road, Barisal",+8804312173524,principal@bmcollege.gov.bd,https://www.bmcollege.gov.bd,1889,higher_secondary,Barisal Board
Sylhet Government College,সিলেট সরকারি কলেজ,Sylhet College,college,Sylhet,Sylhet,Sylhet,"College Road, Sylhet",+880821713073,principal@sylhetcollege.gov.bd,https://www.sylhetcollege.gov.bd,1939,higher_secondary,Sylhet Board
Viqarunnisa Noon School and College,ভিকারুননিসা নূন স্কুল এন্ড কলেজ,VNSC,school,Dhaka,Dhaka,Dhaka,"1/C New Bailey Road, Dhaka 1000",+88029332776,info@vnc.edu.bd,https://www.vnc.edu.bd,1952,secondary,Dhaka Board
Ideal School and College,আইডিয়াল স্কুল এন্ড কলেজ,Ideal,school,Dhaka,Dhaka,Motijheel,"Motijheel, Dhaka",+88029555242,info@idealschoolcollege.edu.bd,https://www.idealschoolcollege.edu.bd,1965,secondary,Dhaka Board
Rajuk Uttara Model College,রাজউক উত্তরা মডেল কলেজ,RUMC,school,Dhaka,Dhaka,Uttara,"Uttara Sector 6, Dhaka 1230",+88028937284,info@rumc.edu.bd,https://www.rumc.edu.bd,1994,secondary,Dhaka Board
Adamjee Cantonment Public School,আদমজী ক্যান্টনমেন্ট পাবলিক স্কুল,Adamjee,school,Dhaka,Dhaka,Dhaka,"Dhaka Cantonment, Dhaka",+88029878953,info@adamjeeschool.edu.bd,https://www.adamjeeschool.edu.bd,1960,secondary,Dhaka Board
Holy Cross Girls High School,হলি ক্রস গার্লস হাই স্কুল,Holy Cross,school,Dhaka,Dhaka,Dhaka,"Tejgaon, Dhaka",+88029825412,info@holycrossschool.edu.bd,https://www.holycrossschool.edu.bd,1910,secondary,Dhaka Board
St. Joseph Higher Secondary School,সেন্ট জোসেফ হায়ার সেকেন্ডারি স্কুল,St. Joseph,school,Dhaka,Dhaka,Dhaka,"35 Asad Avenue, Dhaka 1207",+88029113195,info@stjosephschool.edu.bd,https://www.stjosephschool.edu.bd,1954,higher_secondary,Dhaka Board
Chittagong Cantonment Public College,চট্টগ্রাম ক্যান্টনমেন্ট পাবলিক কলেজ,CCPC,school,Chittagong,Chittagong,Chittagong,"Chittagong Cantonment",+880312550100,info@ccpc.edu.bd,https://www.ccpc.edu.bd,1960,higher_secondary,Chittagong Board
Faujdarhat Cadet College,ফৌজদারহাট ক্যাডেট কলেজ,Faujdarhat,school,Chittagong,Chittagong,Faujdarhat,"Faujdarhat, Chittagong",+88031750062,info@fcc.army.mil.bd,https://www.fcc.army.mil.bd,1958,higher_secondary,Chittagong Board
Rangpur Cadet College,রংপুর ক্যাডেট কলেজ,Rangpur Cadet,school,Rangpur,Rangpur,Rangpur,"Rangpur Cadet College",+88052163508,info@rpcc.army.mil.bd,https://www.rpcc.army.mil.bd,1958,higher_secondary,Dinajpur Board
Mymensingh Girls Cadet College,ময়মনসিংহ গার্লস ক্যাডেট কলেজ,MGCC,school,Mymensingh,Mymensingh,Mymensingh,"Mymensingh Cantonment",+8809128513,info@mgcc.army.mil.bd,https://www.mgcc.army.mil.bd,1984,higher_secondary,Mymensingh Board
Dhaka Polytechnic Institute,ঢাকা পলিটেকনিক ইনস্টিটিউট,DPI,polytechnic,Dhaka,Dhaka,Tejgaon,"Tejgaon Industrial Area, Dhaka",+88029144487,principal@dpi.gov.bd,https://www.dpi.gov.bd,1955,technical,Dhaka Technical
Chittagong Polytechnic Institute,চট্টগ্রাম পলিটেকনিক ইনস্টিটিউট,CPI,polytechnic,Chittagong,Chittagong,Chittagong,"Nasirabad, Chittagong",+88031680085,principal@cpi.gov.bd,https://www.cpi.gov.bd,1960,technical,Chittagong Technical
Rajshahi Polytechnic Institute,রাজশাহী পলিটেকনিক ইনস্টিটিউট,RPI,polytechnic,Rajshahi,Rajshahi,Rajshahi,"Shaheed A.H.M Kamaruzzaman Road, Rajshahi",+880721750616,principal@rpi.gov.bd,https://www.rpi.gov.bd,1963,technical,Rajshahi Technical
Khulna Polytechnic Institute,খুলনা পলিটেকনিক ইনস্টিটিউট,KPI,polytechnic,Khulna,Khulna,Khulna,"Khalishpur, Khulna",+880412762240,principal@kpi.gov.bd,https://www.kpi.gov.bd,1963,technical,Khulna Technical
Sylhet Polytechnic Institute,সিলেট পলিটেকনিক ইনস্টিটিউট,SPI,polytechnic,Sylhet,Sylhet,Sylhet,"Sylhet 3100",+880821713044,principal@spi.gov.bd,https://www.spi.gov.bd,1957,technical,Sylhet Technical
Dinajpur Polytechnic Institute,দিনাজপুর পলিটেকনিক ইনস্টিটিউট,DPI,polytechnic,Rangpur,Dinajpur,Dinajpur,"Dinajpur 5200",+88053164742,principal@dinajpurpi.gov.bd,https://www.dinajpurpi.gov.bd,1964,technical,Dinajpur Technical
Barisal Polytechnic Institute,বরিশাল পলিটেকনিক ইনস্টিটিউট,BPI,polytechnic,Barisal,Barisal,Barisal,"Barisal 8200",+8804312173534,principal@bpi.gov.bd,https://www.bpi.gov.bd,1962,technical,Barisal Technical
Bangladesh University of Textiles,বাংলাদেশ ইউনিভার্সিটি অফ টেক্সটাইলস,BUTEX,institute,Dhaka,Dhaka,Tejgaon,"92 Shaheed Tajuddin Ahmed Ave, Tejgaon, Dhaka",+88029117048,info@butex.edu.bd,https://www.butex.edu.bd,2005,technical,UGC
Mawlana Bhashani Science and Technology University,মাওলানা ভাসানী বিজ্ঞান ও প্রযুক্তি বিশ্ববিদ্যালয়,MBSTU,institute,Dhaka,Tangail,Santosh,"Santosh, Tangail 1902",+880922344600,vc@mbstu.ac.bd,https://www.mbstu.ac.bd,1997,technical,UGC
Bangabandhu Sheikh Mujibur Rahman Maritime University,বঙ্গবন্ধু শেখ মুজিবুর রহমান মেরিটাইম ইউনিভার্সিটি,BSMRMU,institute,Chittagong,Chittagong,Chittagong,"Plot-14, Embankment Drive Road, Chittagong",+880312502601,info@bsmrmu.edu.bd,https://www.bsmrmu.edu.bd,2013,maritime,UGC
Bangabandhu Sheikh Mujibur Rahman Aviation and Aerospace University,বঙ্গবন্ধু শেখ মুজিবুর রহমান অ্যাভিয়েশন অ্যান্ড অ্যারোস্পেস বিশ্ববিদ্যালয়,BSMRAAU,institute,Dhaka,Dhaka,Kurmitola,"Kurmitola, Dhaka",+88029032091,info@bsmraau.edu.bd,https://www.bsmraau.edu.bd,2019,aviation,UGC
National Institute of Textile Engineering and Research,ন্যাশনাল ইনস্টিটিউট অফ টেক্সটাইল ইঞ্জিনিয়ারিং অ্যান্ড রিসার্চ,NITER,institute,Dhaka,Dhaka,Savar,"Savar, Dhaka",+88027795052,info@niter.edu.bd,https://www.niter.edu.bd,2010,textile,UGC
Institute of Leather Engineering and Technology,ইনস্টিটিউট অফ লেদার ইঞ্জিনিয়ারিং অ্যান্ড টেকনোলজি,ILET,institute,Dhaka,Dhaka,Hazaribagh,"Hazaribagh, Dhaka",+88029555000,info@ilet.gov.bd,https://www.ilet.gov.bd,1947,leather,Dhaka Technical
Alia Madrasa,আলিয়া মাদ্রাসা,Dhaka Alia,madrasa,Dhaka,Dhaka,Bakshibazar,"Bakshibazar, Dhaka",+88029585100,principal@dhakaalia.gov.bd,https://www.dhakaalia.gov.bd,1780,higher_secondary,BEFAQ
Jamia Rahmania Arabia Madrasa,জামিয়া রাহমানিয়া আরাবিয়া মাদ্রাসা,Rahmania,madrasa,Dhaka,Dhaka,Mohammadpur,"Mohammadpur, Dhaka",+88029113100,info@jamia-rahmania.org,https://www.jamia-rahmania.org,1986,higher_secondary,BEFAQ
Al-Jamiatul Ahlia Darul Ulum Moinul Islam,আল-জামিয়াতুল আহলিয়া দারুল উলূম মঈনুল ইসলাম,Hathazari Madrasa,madrasa,Chittagong,Chittagong,Hathazari,"Hathazari, Chittagong",+880312260000,info@hathazari.edu.bd,https://www.hathazari.edu.bd,1896,higher_secondary,BEFAQ
Islamic Arabic University,ইসলামিক আরবিক ইউনিভার্সিটি,IAU,madrasa,Dhaka,Dhaka,Dhaka,"House 41, Road 7, Dhanmondi R/A, Dhaka 1205",+88029666080,info@iau.edu.bd,https://www.iau.edu.bd,2013,graduate,IAU
Chittagong University of Engineering and Technology,চট্টগ্রাম ইউনিভার্সিটি অফ ইঞ্জিনিয়ারিং অ্যান্ড টেকনোলজি,CUET,university,Chittagong,Chittagong,Chittagong,"Raozan, Chittagong 4349",+880312255900,registrar@cuet.ac.bd,https://www.cuet.ac.bd,2003,graduate,UGC
Khulna University of Engineering and Technology,খুলনা ইউনিভার্সিটি অফ ইঞ্জিনিয়ারিং অ্যান্ড টেকনোলজি,KUET,university,Khulna,Khulna,Khulna,"Fulbarigate, Khulna 9203",+880412774171,registrar@kuet.ac.bd,https://www.kuet.ac.bd,2003,graduate,UGC
Rajshahi University of Engineering and Technology,রাজশাহী ইউনিভার্সিটি অফ ইঞ্জিনিয়ারিং অ্যান্ড টেকনোলজি,RUET,university,Rajshahi,Rajshahi,Rajshahi,"Kazla, Rajshahi 6204",+880721750742,registrar@ruet.ac.bd,https://www.ruet.ac.bd,2003,graduate,UGC
Jashore University of Science and Technology,যশোর বিজ্ঞান ও প্রযুক্তি বিশ্ববিদ্যালয়,JUST,university,Khulna,Jashore,Jashore,"Jashore 7408",+88042163400,registrar@just.edu.bd,https://www.just.edu.bd,2014,graduate,UGC
Pabna University of Science and Technology,পাবনা বিজ্ঞান ও প্রযুক্তি বিশ্ববিদ্যালয়,PUST,university,Rajshahi,Pabna,Pabna,"Pabna 6600",+880731659090,registrar@pust.ac.bd,https://www.pust.ac.bd,2008,graduate,UGC
Begum Rokeya University,বেগম রোকেয়া বিশ্ববিদ্যালয়,BRUR,university,Rangpur,Rangpur,Rangpur,"Park Mor, Rangpur 5400",+88052155400,registrar@brur.ac.bd,https://www.brur.ac.bd,2008,graduate,UGC
Noakhali Science and Technology University,নোয়াখালী বিজ্ঞান ও প্রযুক্তি বিশ্ববিদ্যালয়,NSTU,university,Chittagong,Noakhali,Noakhali,"Sonapur, Noakhali 3814",+88032171481,registrar@nstu.edu.bd,https://www.nstu.edu.bd,2006,graduate,UGC
Cumilla University,কুমিল্লা বিশ্ববিদ্যালয়,CoU,university,Chittagong,Comilla,Comilla,"Kotbari, Comilla 3506",+88081765870,registrar@cou.ac.bd,https://www.cou.ac.bd,2006,graduate,UGC
Bangladesh University,বাংলাদেশ বিশ্ববিদ্যালয়,BU,university,Dhaka,Dhaka,Dhaka,"5/B, Satmasjid Road, Dhanmondi, Dhaka",+88029666080,info@bangladeshuniversity.edu.bd,https://www.bangladeshuniversity.edu.bd,2001,graduate,UGC
University of Development Alternative,ইউনিভার্সিটি অফ ডেভেলপমেন্ট অলটারনেটিভ,UDA,university,Dhaka,Dhaka,Dhanmondi,"House 471, Road 8, Dhanmondi, Dhaka",+88029120302,info@uoda.edu.bd,https://www.uoda.edu.bd,2002,graduate,UGC
Daffodil International University,ড্যাফোডিল ইন্টারন্যাশনাল ইউনিভার্সিটি,DIU,university,Dhaka,Dhaka,Dhanmondi,"102 Shukrabad, Dhanmondi, Dhaka 1207",+88029134880,info@daffodilvarsity.edu.bd,https://www.daffodilvarsity.edu.bd,2002,graduate,UGC
Green University of Bangladesh,গ্রিন ইউনিভার্সিটি অফ বাংলাদেশ,GUB,university,Dhaka,Dhaka,Purbachal,"Purbachal American City, Kanchan, Rupganj, Narayanganj",+88029617938,info@green.edu.bd,https://www.green.edu.bd,2003,graduate,UGC
WASA,ওয়াসা,WASA,institute,Dhaka,Dhaka,Dhaka,"98 Kazi Nazrul Islam Avenue, Dhaka",+88029557900,info@dwasa.org.bd,https://www.dwasa.org.bd,1963,technical,NA

# Medical Colleges
Dhaka Medical College,ঢাকা মেডিকেল কলেজ,DMC,medical,Dhaka,Dhaka,Dhaka,"Secretariat Road, Dhaka",+88029556601,principal@dmc.edu.bd,https://www.dmc.edu.bd,1946,graduate,BMDC
Sir Salimullah Medical College,স্যার সলিমুল্লাহ মেডিকেল কলেজ,SSMC,medical,Dhaka,Dhaka,Mitford,"Mitford Hospital, Dhaka",+88029514002,principal@ssmc.edu.bd,https://www.ssmc.edu.bd,1972,graduate,BMDC
Mymensingh Medical College,ময়মনসিংহ মেডিকেল কলেজ,MMC,medical,Mymensingh,Mymensingh,Mymensingh,"Medical College Road, Mymensingh",+8809155401,principal@mmc.edu.bd,https://www.mmc.edu.bd,1924,graduate,BMDC
Chittagong Medical College,চট্টগ্রাম মেডিকেল কলেজ,CMC,medical,Chittagong,Chittagong,Chittagong,"Medical College Road, Chittagong",+88031616800,principal@cmc.edu.bd,https://www.cmc.edu.bd,1957,graduate,BMDC
Rajshahi Medical College,রাজশাহী মেডিকেল কলেজ,RMC,medical,Rajshahi,Rajshahi,Rajshahi,"Medical College Road, Rajshahi",+880721772071,principal@rmc.edu.bd,https://www.rmc.edu.bd,1958,graduate,BMDC
Sylhet MAG Osmani Medical College,সিলেট এমএজি ওসমানী মেডিকেল কলেজ,SOMC,medical,Sylhet,Sylhet,Sylhet,"Medical College Road, Sylhet",+880821713073,principal@somc.edu.bd,https://www.somc.edu.bd,1962,graduate,BMDC
Sher-e-Bangla Medical College,শের-ই-বাংলা মেডিকেল কলেজ,SBMC,medical,Barisal,Barisal,Barisal,"Medical College Road, Barisal",+8804312173524,principal@sbmc.edu.bd,https://www.sbmc.edu.bd,1964,graduate,BMDC
Rangpur Medical College,রংপুর মেডিকেল কলেজ,RpMC,medical,Rangpur,Rangpur,Rangpur,"Medical College Road, Rangpur",+88052163508,principal@rangpurmc.edu.bd,https://www.rangpurmc.edu.bd,1970,graduate,BMDC
Cumilla Medical College,কুমিল্লা মেডিকেল কলেজ,CuMC,medical,Chittagong,Comilla,Comilla,"Medical College Road, Comilla",+88081768656,principal@cumillamc.edu.bd,https://www.cumillamc.edu.bd,1979,graduate,BMDC
Khulna Medical College,খুলনা মেডিকেল কলেজ,KMC,medical,Khulna,Khulna,Khulna,"Medical College Road, Khulna",+88041273305,principal@kmc.edu.bd,https://www.kmc.edu.bd,1980,graduate,BMDC

# More Private Universities
Northern University Bangladesh,নর্দার্ন ইউনিভার্সিটি বাংলাদেশ,NUB,university,Dhaka,Dhaka,Dhaka,"House 11, Road 17, Banani, Dhaka",+88029845555,info@nub.ac.bd,https://www.nub.ac.bd,2002,graduate,UGC
Southeast University,সাউথইস্ট ইউনিভার্সিটি,SEU,university,Dhaka,Dhaka,Dhaka,"House 64, Road 18, Block B, Banani, Dhaka",+88029885879,info@seu.ac.bd,https://www.seu.ac.bd,2002,graduate,UGC
Stamford University Bangladesh,স্টামফোর্ড ইউনিভার্সিটি বাংলাদেশ,SUB,university,Dhaka,Dhaka,Siddeshwari,"51 Siddeshwari Road, Dhaka",+88029661252,info@stamforduniversity.edu.bd,https://www.stamforduniversity.edu.bd,2002,graduate,UGC
City University,সিটি ইউনিভার্সিটি,CU,university,Dhaka,Dhaka,Dhaka,"Khagan, Birulia, Savar, Dhaka",+88027795053,info@cityuniversity.ac.bd,https://www.cityuniversity.ac.bd,2002,graduate,UGC
Presidency University,প্রেসিডেন্সি ইউনিভার্সিটি,PU,university,Dhaka,Dhaka,Gulshan,"11/G, Gulshan, Dhaka 1212",+88029845566,info@presidency.edu.bd,https://www.presidency.edu.bd,2003,graduate,UGC
Uttara University,উত্তরা ইউনিভার্সিটি,UU,university,Dhaka,Dhaka,Uttara,"House 4, Road 15, Sector 6, Uttara, Dhaka",+88028972573,info@uttarauniversity.edu.bd,https://www.uttarauniversity.edu.bd,2003,graduate,UGC
Bangladesh University of Business and Technology,বাংলাদেশ ইউনিভার্সিটি অফ বিজনেস অ্যান্ড টেকনোলজি,BUBT,university,Dhaka,Dhaka,Mirpur,"Rupnagar R/A, Mirpur 2, Dhaka",+88029010501,info@bubt.ac.bd,https://www.bubt.ac.bd,2003,graduate,UGC
Prime University,প্রাইম ইউনিভার্সিটি,Prime,university,Dhaka,Dhaka,Mirpur,"114/1, Mirpur, Dhaka",+88029010101,info@primeuniversity.edu.bd,https://www.primeuniversity.edu.bd,2003,graduate,UGC
Eastern University,ইস্টার্ন ইউনিভার্সিটি,EU,university,Dhaka,Dhaka,Dhanmondi,"House 43, Road 9, Dhanmondi, Dhaka",+88029635577,info@easternuni.edu.bd,https://www.easternuni.edu.bd,2003,graduate,UGC
World University of Bangladesh,ওয়ার্ল্ড ইউনিভার্সিটি অফ বাংলাদেশ,WUB,university,Dhaka,Dhaka,Dhanmondi,"House 3, Road 5, Dhanmondi, Dhaka",+88029677747,info@wub.edu.bd,https://www.wub.edu.bd,2003,graduate,UGC

# More Top Colleges
New Government Degree College,নিউ গভর্নমেন্ট ডিগ্রি কলেজ,NGDC,college,Dhaka,Dhaka,Dhaka,"New Market, Dhaka",+88029555197,principal@ngdc.edu.bd,https://www.ngdc.edu.bd,1965,higher_secondary,Dhaka Board
Government Science College,সরকারি বিজ্ঞান কলেজ,GSC,college,Dhaka,Dhaka,Farmgate,"Farmgate, Dhaka",+88029113456,principal@gsc.edu.bd,https://www.gsc.edu.bd,1956,higher_secondary,Dhaka Board
Tejgaon College,তেজগাঁও কলেজ,Tejgaon,college,Dhaka,Dhaka,Tejgaon,"Farmgate, Dhaka",+88029874561,principal@tejgaoncollege.edu.bd,https://www.tejgaoncollege.edu.bd,1961,higher_secondary,Dhaka Board
Kabi Nazrul Government College,কবি নজরুল সরকারি কলেজ,KNGC,college,Dhaka,Dhaka,Mohammadpur,"Mohammadpur, Dhaka",+88029113456,principal@kngc.edu.bd,https://www.kngc.edu.bd,1970,higher_secondary,Dhaka Board
Begum Badrunnesa Government Girls College,বেগম বদরুন্নেসা সরকারি মহিলা কলেজ,BBGGC,college,Dhaka,Dhaka,Bakshibazar,"Bakshibazar, Dhaka",+88027335085,principal@bbggc.gov.bd,https://www.bbggc.gov.bd,1948,higher_secondary,Dhaka Board
Milestone College,মাইলস্টোন কলেজ,Milestone,college,Dhaka,Dhaka,Uttara,"Uttara, Dhaka",+88028956189,info@milestonecollege.com,https://www.milestonecollege.com,2008,higher_secondary,Dhaka Board
Adamjee Cantonment College,আদমজী ক্যান্টনমেন্ট কলেজ,ACC,college,Dhaka,Dhaka,Dhaka,"Cantonment, Dhaka",+88029878953,principal@acc.edu.bd,https://www.acc.edu.bd,1960,higher_secondary,Dhaka Board
BAF Shaheen College,বিএএফ শাহীন কলেজ,BAFSC,college,Dhaka,Dhaka,Dhaka,"Kurmitola, Dhaka",+88029017581,principal@bafsc.edu.bd,https://www.bafsc.edu.bd,1960,higher_secondary,Dhaka Board

# More Schools
BAF Shaheen College Dhaka,বিএএফ শাহীন কলেজ ঢাকা,BAFSC,college,Dhaka,Dhaka,Dhaka,"Kurmitola, Dhaka",+88029017581,principal@bafsd.edu.bd,https://www.bafsd.edu.bd,1960,secondary,Dhaka Board
Mohammadpur Preparatory School,মোহাম্মদপুর প্রিপারেটরি স্কুল,MPGS,school,Dhaka,Dhaka,Mohammadpur,"Mohammadpur, Dhaka",+88029113456,info@mpgs.edu.bd,https://www.mpgs.edu.bd,1976,secondary,Dhaka Board
Sunbeams School,সানবিমস স্কুল,Sunbeams,school,Dhaka,Dhaka,Dhanmondi,"Dhanmondi, Dhaka",+88029678901,info@sunbeams.edu.bd,https://www.sunbeams.edu.bd,1978,secondary,Dhaka Board
Scholastica School,স্কলাস্টিকা স্কুল,Scholastica,school,Dhaka,Dhaka,Uttara,"Uttara, Dhaka",+88028942573,info@scholastica.edu.bd,https://www.scholastica.edu.bd,1977,secondary,Dhaka Board
Sunrise School,সানরাইজ স্কুল,Sunrise,school,Dhaka,Dhaka,Gulshan,"Gulshan, Dhaka",+88029883344,info@sunriseschool.edu.bd,https://www.sunriseschool.edu.bd,1980,secondary,Dhaka Board
Maple Leaf International School,মেপল লিফ ইন্টারন্যাশনাল স্কুল,MLIS,school,Dhaka,Dhaka,Dhanmondi,"Dhanmondi, Dhaka",+88029635588,info@mapleleaf.edu.bd,https://www.mapleleaf.edu.bd,1980,secondary,Dhaka Board
Green Herald School,গ্রিন হেরাল্ড স্কুল,GHS,school,Chittagong,Chittagong,Chittagong,"Nasirabad, Chittagong",+88031680085,info@greenherald.edu.bd,https://www.greenherald.edu.bd,1972,secondary,Chittagong Board
Sunshine Grammar School,সানশাইন গ্রামার স্কুল,SGS,school,Chittagong,Chittagong,Chittagong,"Panchlaish, Chittagong",+88031651090,info@sunshinegrammar.edu.bd,https://www.sunshinegrammar.edu.bd,1985,secondary,Chittagong Board
Rajshahi Cadet College,রাজশাহী ক্যাডেট কলেজ,RCC,school,Rajshahi,Rajshahi,Rajshahi,"Sadar, Rajshahi",+880721750041,info@rcc.army.mil.bd,https://www.rcc.army.mil.bd,1966,higher_secondary,Rajshahi Board
Jhenaidah Cadet College,ঝিনাইদাহ ক্যাডেট কলেজ,JCC,school,Khulna,Jhenaidah,Jhenaidah,"Jhenaidah",+88045162345,info@jcc.army.mil.bd,https://www.jcc.army.mil.bd,1966,higher_secondary,Jessore Board
Barisal Cadet College,বরিশাল ক্যাডেট কলেজ,BCC,school,Barisal,Barisal,Barisal,"Barisal",+8804312173524,info@bcc.army.mil.bd,https://www.bcc.army.mil.bd,1981,higher_secondary,Barisal Board
Pabna Cadet College,পাবনা ক্যাডেট কলেজ,PCC,school,Rajshahi,Pabna,Pabna,"Pabna",+880731659090,info@pcc.army.mil.bd,https://www.pcc.army.mil.bd,2008,higher_secondary,Rajshahi Board
Mirzapur Cadet College,মির্জাপুর ক্যাডেট কলেজ,MCC,school,Dhaka,Tangail,Mirzapur,"Mirzapur, Tangail",+880922923014,info@mcc.army.mil.bd,https://www.mcc.army.mil.bd,2011,higher_secondary,Dhaka Board
Sylhet Cadet College,সিলেট ক্যাডেট কলেজ,SCC,school,Sylhet,Sylhet,Sylhet,"Sylhet",+880821713073,info@scc.army.mil.bd,https://www.scc.army.mil.bd,1981,higher_secondary,Sylhet Board

# More Polytechnics
Mymensingh Polytechnic Institute,ময়মনসিংহ পলিটেকনিক ইনস্টিটিউট,MPI,polytechnic,Mymensingh,Mymensingh,Mymensingh,"Medical College Road, Mymensingh",+8809155402,principal@mpi.gov.bd,https://www.mpi.gov.bd,1963,technical,Mymensingh Technical
Feni Polytechnic Institute,ফেনী পলিটেকনিক ইনস্টিটিউট,FPI,polytechnic,Chittagong,Feni,Feni,"Feni 3900",+88033161400,principal@fpi.gov.bd,https://www.fpi.gov.bd,1964,technical,Chittagong Technical
Bogura Polytechnic Institute,বগুড়া পলিটেকনিক ইনস্টিটিউট,BPI,polytechnic,Rajshahi,Bogra,Bogra,"Bogra 5800",+8805176845,principal@bogurapi.gov.bd,https://www.bogurapi.gov.bd,1965,technical,Rajshahi Technical
Rangpur Polytechnic Institute,রংপুর পলিটেকনিক ইনস্টিটিউট,RPI,polytechnic,Rangpur,Rangpur,Rangpur,"Rangpur 5400",+88052163508,principal@rangpurpi.gov.bd,https://www.rangpurpi.gov.bd,1965,technical,Rangpur Technical
Pabna Polytechnic Institute,পাবনা পলিটেকনিক ইনস্টিটিউট,PPI,polytechnic,Rajshahi,Pabna,Pabna,"Pabna 6600",+880731659090,principal@pabnapi.gov.bd,https://www.pabnapi.gov.bd,1966,technical,Pabna Technical
Jessore Polytechnic Institute,যশোর পলিটেকনিক ইনস্টিটিউট,JPI,polytechnic,Khulna,Jessore,Jessore,"Jessore 7400",+88042163400,principal@jessorepi.gov.bd,https://www.jessorepi.gov.bd,1966,technical,Jessore Technical
Comilla Polytechnic Institute,কুমিল্লা পলিটেকনিক ইনস্টিটিউট,CPI,polytechnic,Chittagong,Comilla,Comilla,"Comilla 3500",+88081768656,principal@comillapi.gov.bd,https://www.comillapi.gov.bd,1962,technical,Comilla Technical
Moulvibazar Polytechnic Institute,মৌলভীবাজার পলিটেকনিক ইনস্টিটিউট,MPI,polytechnic,Sylhet,Moulvibazar,Moulvibazar,"Moulvibazar 3200",+88086152455,principal@moulvibazarpi.gov.bd,https://www.moulvibazarpi.gov.bd,1986,technical,Sylhet Technical
Netrokona Polytechnic Institute,নেত্রকোনা পলিটেকনিক ইনস্টিটিউট,NPI,polytechnic,Mymensingh,Netrokona,Netrokona,"Netrokona 2400",+88095161400,principal@netrokonapi.gov.bd,https://www.netrokonapi.gov.bd,2005,technical,Mymensingh Technical
Kishoreganj Polytechnic Institute,কিশোরগঞ্জ পলিটেকনিক ইনস্টিটিউট,KPI,polytechnic,Dhaka,Kishoreganj,Kishoreganj,"Kishoreganj 2300",+88094161800,principal@kishoreganjpi.gov.bd,https://www.kishoreganjpi.gov.bd,2005,technical,Dhaka Technical
Gopalganj Polytechnic Institute,গোপালগঞ্জ পলিটেকনিক ইনস্টিটিউট,GPI,polytechnic,Dhaka,Gopalganj,Gopalganj,"Gopalganj 8100",+88066861400,principal@gopalganjpi.gov.bd,https://www.gopalganjpi.gov.bd,2005,technical,Dhaka Technical

# Technical Institutes
Bangladesh Institute of Glass and Ceramics,বাংলাদেশ ইনস্টিটিউট অফ গ্লাস অ্যান্ড সিরামিকস,BIGC,institute,Dhaka,Dhaka,Tejgaon,"Tejgaon Industrial Area, Dhaka",+88029144487,principal@bigc.gov.bd,https://www.bigc.gov.bd,1951,technical,Dhaka Technical
National Institute of Design,ন্যাশনাল ইনস্টিটিউট অফ ডিজাইন,NID,institute,Dhaka,Dhaka,Mirpur,"Mirpur, Dhaka",+88029010502,principal@nid.gov.bd,https://www.nid.gov.bd,1967,design,Dhaka Technical
Institute of Printing Technology,ইনস্টিটিউট অফ প্রিন্টিং টেকনোলজি,IPT,institute,Dhaka,Dhaka,Tejgaon,"Tejgaon, Dhaka",+88029113456,principal@ipt.gov.bd,https://www.ipt.gov.bd,1964,technical,Dhaka Technical
Graphic Arts Institute,গ্রাফিক আর্টস ইনস্টিটিউট,GAI,institute,Dhaka,Dhaka,Mohammadpur,"Mohammadpur, Dhaka",+88029113456,principal@gai.gov.bd,https://www.gai.gov.bd,1973,art,Dhaka Technical
Bangladesh Shilpakala Academy,বাংলাদেশ শিল্পকলা একাডেমি,BSA,institute,Dhaka,Dhaka,Segunbagicha,"Segunbagicha, Dhaka",+88029555000,info@shilpakala.gov.bd,https://www.shilpakala.gov.bd,1974,art,Ministry of Culture

# Government Medical Colleges (All Divisions)
Abdul Malek Ukil Medical College,আবদুল মালেক উকিল মেডিকেল কলেজ,AMUMC,medical,Chittagong,Noakhali,Noakhali,"Maijdee, Noakhali",+88032171481,principal@amumc.gov.bd,https://www.amumc.gov.bd,2008,graduate,BMDC
Bangabandhu Medical College,বঙ্গবন্ধু মেডিকেল কলেজ,BMC,medical,Sylhet,Sunamganj,Sunamganj,"Sunamganj",+88087162001,principal@bmc.gov.bd,https://www.bmc.gov.bd,2018,graduate,BMDC
Bangabandhu Sheikh Mujib Medical College,বঙ্গবন্ধু শেখ মুজিব মেডিকেল কলেজ,BSMMC,medical,Dhaka,Faridpur,Faridpur,"Faridpur",+88063161201,principal@bsmmc.gov.bd,https://www.bsmc.gov.bd,2014,graduate,BMDC
Chandpur Medical College,চাঁদপুর মেডিকেল কলেজ,CMC,medical,Chittagong,Chandpur,Chandpur,"Chandpur",+88084162501,principal@chandpurmc.gov.bd,https://www.chandpurmc.gov.bd,2018,graduate,BMDC
Chattogram Medical College,চট্টগ্রাম মেডিকেল কলেজ,CMC,medical,Chittagong,Chittagong,Chittagong,"Medical College Road, Chattogram",+88031261680,principal@cmc.gov.bd,1957,graduate,BMDC
Colonel Malek Medical College,কর্নেল মালেক মেডিকেল কলেজ,CMMC,medical,Dhaka,Manikganj,Manikganj,"Manikganj",+88065161201,principal@cmmc.gov.bd,2018,graduate,BMDC
Cox's Bazar Medical College,কক্সবাজার মেডিকেল কলেজ,CBMC,medical,Chittagong,Coxs Bazar,Coxs Bazar,"Cox's Bazar",+88034162001,principal@coxmc.gov.bd,2008,graduate,BMDC
Dhaka Medical College,ঢাকা মেডিকেল কলেজ,DMC,medical,Dhaka,Dhaka,Dhaka,"Secretariat Road, Dhaka",+88029556601,principal@dmc.edu.bd,https://www.dmc.edu.bd,1946,graduate,BMDC
Jashore Medical College,যশোর মেডিকেল কলেজ,JMC,medical,Khulna,Jessore,Jessore,"Jessore",+88042161601,principal@jmc.gov.bd,2010,graduate,BMDC
Khulna Medical College,খুলনা মেডিকেল কলেজ,KMC,medical,Khulna,Khulna,Khulna,"Medical College Road, Khulna",+88041273305,principal@kmc.gov.bd,1980,graduate,BMDC
Kushtia Medical College,কুষ্টিয়া মেডিকেল কলেজ,KuMC,medical,Khulna,Kushtia,Kushtia,"Kushtia",+88071262001,principal@kustiamc.gov.bd,https://www.kustiamc.gov.bd,2011,graduate,BMDC
M Abdur Rahim Medical College,এম আবদুর রহিম মেডিকেল কলেজ,MARMC,medical,Rangpur,Dinajpur,Dinajpur,"Dinajpur",+88053161618,principal@marimc.gov.bd,2018,graduate,BMDC
MAG Osmani Medical College,এমএজি ওসমানী মেডিকেল কলেজ,SOMC,medical,Sylhet,Sylhet,Sylhet,"Medical College Road, Sylhet",+880821713073,principal@somc.gov.bd,1962,graduate,BMDC
Magura Medical College,মাগুরা মেডিকেল কলেজ,MMC,medical,Khulna,Magura,Magura,"Magura",+88048862001,principal@maguramc.gov.bd,2018,graduate,BMDC
Mugda Medical College,মুগদা মেডিকেল কলেজ,MugdaMC,medical,Dhaka,Dhaka,Mugda,"Mugda, Dhaka",+88029555100,principal@mugdamc.gov.bd,2019,graduate,BMDC
Mymensingh Medical College,ময়মনসিংহ মেডিকেল কলেজ,MMC,medical,Mymensingh,Mymensingh,Mymensingh,"Medical College Road, Mymensingh",+8809155401,principal@mmc.edu.bd,https://www.mmc.edu.bd,1924,graduate,BMDC
Naogaon Medical College,নওগাঁ মেডিকেল কলেজ,NMC,medical,Rajshahi,Naogaon,Naogaon,"Naogaon",+88074162001,principal@naogaonmc.gov.bd,2018,graduate,BMDC
Netrokona Medical College,নেত্রকোনা মেডিকেল কলেজ,NMC,medical,Mymensingh,Netrokona,Netrokona,"Netrokona",+88095161401,principal@netrokonamc.gov.bd,2018,graduate,BMDC
Nilphamari Medical College,নীলফামারী মেডিকেল কলেজ,NMC,medical,Rangpur,Nilphamari,Nilphamari,"Nilphamari",+88055162001,principal@nilphamarimc.gov.bd,2018,graduate,BMDC
Pabna Medical College,পাবনা মেডিকেল কলেজ,PMC,medical,Rajshahi,Pabna,Pabna,"Medical College Road, Pabna",+880731659090,principal@pmc.gov.bd,2008,graduate,BMDC
Patuakhali Medical College,পটুয়াখালী মেডিকেল কলেজ,PtMC,medical,Barisal,Patuakhali,Patuakhali,"Patuakhali",+880442761221,principal@patuakhallimc.gov.bd,2014,graduate,BMDC
Rajshahi Medical College,রাজশাহী মেডিকেল কলেজ,RMC,medical,Rajshahi,Rajshahi,Rajshahi,"Medical College Road, Rajshahi",+880721772071,principal@rmc.edu.bd,https://www.rmc.edu.bd,1958,graduate,BMDC
Rangamati Medical College,রাঙ্গামাটি মেডিকেল কলেজ,RaMC,medical,Chittagong,Rangamati,Rangamati,"Rangamati",+88035162001,principal@rangamatimc.gov.bd,2014,graduate,BMDC
Rangpur Medical College,রংপুর মেডিকেল কলেজ,RpMC,medical,Rangpur,Rangpur,Rangpur,"Medical College Road, Rangpur",+88052163508,principal@rangpurmc.gov.bd,1970,graduate,BMDC
Sathkhira Medical College,সাতক্ষীরা মেডিকেল কলেজ,SaMC,medical,Khulna,Satkhira,Satkhira,"Satkhira",+88047162001,principal@satkhiramc.gov.bd,2018,graduate,BMDC
Shaheed M Monsur Ali Medical College,শহীদ এম মনসুর আলী মেডিকেল কলেজ,SMMAMC,medical,Rajshahi,Sirajganj,Sirajganj,"Sirajganj",+88075162001,principal@smmamc.gov.bd,2014,graduate,BMDC
Shaheed Suhrawardy Medical College,শহীদ সোহরাওয়ার্দী মেডিকেল কলেজ,SSMC,medical,Dhaka,Dhaka,Sher-e-Bangla Nagar,"Sher-e-Bangla Nagar, Dhaka",+88029113456,principal@ssmc.gov.bd,2006,graduate,BMDC
Shaheed Syed Nazrul Islam Medical College,শহীদ সৈয়দ নজরুল ইসলাম মেডিকেল কলেজ,SSNIMC,medical,Dhaka,Kishoreganj,Kishoreganj,"Kishoreganj",+88094162001,principal@ssnimc.gov.bd,2011,graduate,BMDC
Shaheed Taj Uddin Ahmad Medical College,শহীদ তাজউদ্দীন আহমদ মেডিকেল কলেজ,STUAMC,medical,Dhaka,Gazipur,Gazipur,"Gazipur",+88068162001,principal@stuamc.gov.bd,2014,graduate,BMDC
Shaheed Ziaur Rahman Medical College,শহীদ জিয়াউর রহমান মেডিকেল কলেজ,SZRMC,medical,Rajshahi,Bogra,Bogra,"Bogra",+8805176845,principal@szrmc.gov.bd,1992,graduate,BMDC
Sher-E-Bangla Medical College,শের-ই-বাংলা মেডিকেল কলেজ,SBMC,medical,Barisal,Barisal,Barisal,"Medical College Road, Barisal",+8804312173524,principal@sbmc.gov.bd,1964,graduate,BMDC
Sheikh Hasina Medical College,শেখ হাসিনা মেডিকেল কলেজ,SHMC,medical,Sylhet,Habiganj,Habiganj,"Habiganj",+88083162001,principal@shmc.gov.bd,2018,graduate,BMDC
Sheikh Hasina Medical College Jamalpur,শেখ হাসিনা মেডিকেল কলেজ জামালপুর,SHMCJ,medical,Mymensingh,Jamalpur,Jamalpur,"Jamalpur",+88098162001,principal@shmcj.gov.bd,2014,graduate,BMDC
Sheikh Hasina Medical College Tangail,শেখ হাসিনা মেডিকেল কলেজ টাঙ্গাইল,SHMCT,medical,Dhaka,Tangail,Tangail,"Tangail",+880922923015,principal@shmct.gov.bd,2014,graduate,BMDC
Sheikh Sayera Khatun Medical College,শেখ সায়েরা খাতুন মেডিকেল কলেজ,SSKMC,medical,Dhaka,Gopalganj,Gopalganj,"Gopalganj",+88066862001,principal@sskmc.gov.bd,2011,graduate,BMDC
Sir Salimullah Medical College,স্যার সলিমুল্লাহ মেডিকেল কলেজ,SSMC,medical,Dhaka,Dhaka,Mitford,"Mitford Hospital, Dhaka",+88029514002,principal@ssmc.edu.bd,https://www.ssmc.edu.bd,1972,graduate,BMDC

# Dental Colleges
Dhaka Dental College,ঢাকা ডেন্টাল কলেজ,DDC,medical,Dhaka,Dhaka,Dhaka,"Dhaka",+88029555100,principal@ddc.gov.bd,https://www.ddc.gov.bd,1961,graduate,BMDC
Chattogram Medical College Dental Unit,চট্টগ্রাম মেডিকেল কলেজ ডেন্টাল ইউনিট,CMCDU,medical,Chittagong,Chittagong,Chittagong,"Chattogram",+88031261681,principal@cmcdu.gov.bd,https://www.cmcdu.gov.bd,1990,graduate,BMDC
MAG Osmani Medical College Dental Unit,এমএজি ওসমানী মেডিকেল কলেজ ডেন্টাল ইউনিট,SOMCDU,medical,Sylhet,Sylhet,Sylhet,"Sylhet",+880821713074,principal@somcdu.gov.bd,https://www.somcdu.gov.bd,1992,graduate,BMDC
Mymensingh Medical College Dental Unit,ময়মনসিংহ মেডিকেল কলেজ ডেন্টাল ইউনিট,MMCDU,medical,Mymensingh,Mymensingh,Mymensingh,"Mymensingh",+8809155402,principal@mmcdu.gov.bd,https://www.mmcdu.gov.bd,1995,graduate,BMDC
Rajshahi Medical College Dental Unit,রাজশাহী মেডিকেল কলেজ ডেন্টাল ইউনিট,RMCDU,medical,Rajshahi,Rajshahi,Rajshahi,"Rajshahi",+880721772072,principal@rmcdu.gov.bd,https://www.rmcdu.gov.bd,1993,graduate,BMDC
Rangpur Medical College Dental Unit,রংপুর মেডিকেল কলেজ ডেন্টাল ইউনিট,RpMCDU,medical,Rangpur,Rangpur,Rangpur,"Rangpur",+88052163509,principal@rangpurmcdu.gov.bd,https://www.rangpurmcdu.gov.bd,2010,graduate,BMDC
Shaheed Suhrawardy Medical College Dental Unit,শহীদ সোহরাওয়ার্দী মেডিকেল কলেজ ডেন্টাল ইউনিট,SSMCDU,medical,Dhaka,Dhaka,Sher-e-Bangla Nagar,"Dhaka",+88029113457,principal@ssmcdu.gov.bd,https://www.ssmcdu.gov.bd,2011,graduate,BMDC
Sher-E-Bangla Medical College Dental Unit,শের-ই-বাংলা মেডিকেল কলেজ ডেন্টাল ইউনিট,SBMCDU,medical,Barisal,Barisal,Barisal,"Barisal",+8804312173525,principal@sbmcdu.gov.bd,https://www.sbmcdu.gov.bd,2012,graduate,BMDC
Sir Salimullah Medical College Dental Unit,স্যার সলিমুল্লাহ মেডিকেল কলেজ ডেন্টাল ইউনিট,SSMCDU,medical,Dhaka,Dhaka,Mitford,"Dhaka",+88029514003,principal@ssmcdu.gov.bd,https://www.ssmcdu.gov.bd,2013,graduate,BMDC
